MovieID,GenreID
1,3
1,4
1,5
2,2
2,4
2,9
3,5
3,14
4,5
4,8
5,5
6,1
6,6
6,16
7,5
7,14
8,2
8,4
9,1
10,1
10,2
10,16
11,5
11,8
11,14
12,5
12,11
13,3
13,4
14,8
15,1
15,2
15,14
16,8
16,16
17,8
17,14
18,16
19,5
20,1
21,1
21,5
21,8
22,6
22,8
22,16
23,16
24,8
24,15
25,8
25,14
26,8
27,8
28,14
29,2
29,15
30,8
31,8
32,8
32,15
33,2
33,14
34,4
34,5
34,8
35,8
35,14
36,8
37,7
38,5
39,5
39,14
40,8
41,8
41,17
42,1
42,6
42,8
43,8
44,1
44,2
45,5
45,8
46,8
46,14
47,6
47,16
48,3
48,4
48,12
48,14
49,8
49,14
50,6
50,16
51,1
51,8
51,16
52,5
53,8
54,4
54,5
55,8
56,2
56,4
56,9
57,8
58,8
58,14
59,8
59,13
60,2
60,4
60,9
61,8
61,16
62,8
63,5
64,5
64,14
65,5
66,15
66,16
67,8
68,5
68,14
69,5
70,1
70,5
70,6
70,11
70,16
71,1
72,5
72,8
73,8
73,12
74,8
74,14
75,5
75,8
76,15
76,16
77,7
78,8
79,8
79,16
80,8
81,6
81,8
81,14
82,8
83,8
84,5
84,8
85,8
85,14
86,2
86,8
87,4
87,5
88,5
89,1
89,16
90,8
92,8
92,16
93,5
93,14
94,8
95,1
95,16
96,5
97,8
98,1
98,16
99,7
100,8
100,16
101,5
102,5
103,16
104,5
105,8
105,14
106,5
106,8
107,2
107,4
107,5
107,12
108,7
109,5
110,1
110,8
110,17
111,8
111,16
112,1
112,2
112,6
113,8
113,13
114,8
115,5
116,7
117,6
118,5
118,14
119,5
120,8
121,8
122,5
122,14
123,8
123,13
123,14
124,8
125,5
126,2
126,4
126,9
127,8
128,7
129,5
129,14
130,8
131,8
131,14
132,16
133,5
133,8
134,7
135,5
136,7
137,7
138,8
139,1
139,8
140,8
140,14
141,5
142,8
143,8
144,5
145,1
146,2
146,4
147,8
148,8
149,6
149,8
149,16
150,8
151,8
151,14
151,17
152,11
153,1
153,2
153,5
153,6
154,8
155,8
155,17
156,5
157,5
157,17
158,2
158,4
159,8
160,1
160,2
160,13
160,15
161,8
161,16
161,17
162,7
163,1
163,14
163,16
164,6
164,10
164,13
164,16
165,1
165,16
166,5
166,8
167,8
168,1
168,2
168,8
168,14
169,2
169,4
169,8
170,1
170,6
170,16
171,5
172,1
172,15
172,16
173,1
173,2
173,15
174,5
175,8
176,5
177,11
178,5
179,8
179,14
180,5
181,1
181,4
182,8
182,14
183,16
184,8
185,15
185,16
186,5
187,5
188,11
189,5
190,16
191,8
192,7
193,8
194,8
195,5
195,8
195,14
196,11
196,15
197,8
198,1
198,6
198,15
199,8
199,12
200,16
201,8
202,8
202,14
203,5
204,1
205,5
205,8
206,7
207,8
207,14
208,1
208,2
209,8
210,18
211,8
212,5
213,8
214,8
215,8
215,14
216,5
217,8
217,16
218,5
218,8
219,8
220,11
222,8
222,14
223,5
224,5
224,8
224,14
225,8
225,16
226,16
227,1
228,5
229,8
229,16
230,8
230,16
231,5
232,5
232,8
233,8
234,5
235,5
235,8
236,5
236,14
237,5
237,14
238,2
238,4
239,3
239,4
239,5
239,14
240,16
241,4
241,8
242,8
242,12
243,5
244,3
244,4
245,6
245,8
246,7
247,8
247,9
247,14
247,16
248,5
249,8
249,14
250,4
250,5
251,1
252,5
252,14
253,8
253,11
254,8
255,5
256,5
256,15
257,13
257,16
258,2
258,4
258,5
258,9
258,14
259,6
259,8
259,16
260,1
260,2
260,9
260,15
261,8
262,4
262,8
263,8
264,8
265,8
265,14
266,8
266,14
266,17
266,18
267,5
268,8
269,8
270,8
270,14
271,8
272,8
273,8
273,11
274,5
275,5
276,5
276,14
277,8
278,5
279,8
280,8
280,16
281,8
282,8
283,6
283,8
284,1
284,6
285,8
285,11
286,1
286,15
286,16
287,5
287,14
288,1
288,16
289,5
289,14
290,6
290,8
291,16
292,1
292,8
292,16
293,6
293,8
293,14
293,16
294,5
294,14
295,5
295,14
296,6
296,8
297,8
298,5
299,8
300,8
301,8
301,14
302,8
302,14
303,1
303,2
303,18
304,5
304,8
305,5
306,8
307,8
308,8
309,8
310,5
311,11
311,16
312,5
313,3
313,4
314,8
315,1
316,1
316,2
316,15
317,4
317,5
317,9
318,8
319,16
320,10
320,16
321,8
322,5
322,8
324,5
325,5
326,8
327,1
327,5
327,12
327,15
328,11
329,1
329,2
329,15
330,5
330,11
331,8
332,11
332,15
333,5
334,8
335,13
335,16
336,8
336,17
337,8
338,15
338,16
339,5
339,14
340,2
340,8
341,8
342,5
342,14
343,4
344,5
345,5
345,8
346,8
346,12
347,8
348,5
349,1
349,2
349,16
350,8
350,13
350,16
351,5
351,8
351,14
352,5
353,1
353,14
353,16
354,8
355,4
355,5
356,5
356,14
356,17
357,5
357,14
358,8
359,5
359,8
359,14
360,1
360,5
361,8
361,14
362,2
362,4
362,14
363,7
364,3
364,4
364,12
365,8
366,11
367,5
367,6
367,9
368,1
368,5
368,18
369,8
370,5
371,5
371,8
372,5
372,8
373,16
374,4
374,5
375,8
376,1
376,16
377,1
377,14
377,16
378,5
378,14
379,1
379,15
380,1
380,2
380,5
380,14
381,8
382,8
382,11
383,18
384,1
385,8
386,8
387,1
387,5
388,8
389,8
389,14
389,17
390,1
390,5
390,8
391,6
391,8
392,2
392,4
393,1
394,1
395,8
396,8
397,11
398,7
399,8
400,8
401,1
401,16
402,5
403,5
403,6
403,8
404,7
405,1
405,15
406,8
407,11
407,16
408,8
409,8
410,5
411,5
412,8
413,5
414,5
415,5
415,16
416,18
417,5
417,14
418,8
419,5
420,1
420,5
421,2
421,4
422,16
423,1
423,16
424,8
425,8
425,14
426,11
426,15
426,16
427,13
427,14
427,16
428,8
429,5
430,8
431,6
431,8
432,5
432,18
433,5
434,1
434,2
434,6
435,5
435,15
436,8
436,16
437,5
438,1
438,5
439,8
440,5
440,14
441,5
442,1
442,15
443,7
444,5
444,14
445,5
446,8
446,14
447,5
447,14
448,8
449,5
450,5
450,8
451,8
451,13
451,14
452,8
453,5
454,8
454,16
455,2
455,4
455,8
456,8
457,1
457,16
458,8
458,18
459,1
460,5
461,8
461,14
462,1
462,2
463,6
463,8
463,16
464,1
464,2
464,6
464,16
465,1
465,8
465,17
466,1
466,5
466,17
467,5
468,5
468,14
469,8
469,14
470,5
471,5
471,14
472,5
472,8
473,5
473,17
474,1
474,16
475,8
476,5
476,8
477,8
478,5
479,1
480,1
480,2
480,15
481,8
481,16
482,16
483,8
484,2
484,4
485,1
485,5
486,5
487,5
487,18
488,8
489,5
490,16
491,8
492,5
492,13
493,1
493,6
493,8
494,1
494,16
495,8
496,5
496,8
496,14
497,5
497,14
498,8
498,14
499,5
499,14
500,5
501,8
502,1
502,4
503,8
504,1
504,15
505,5
506,8
507,1
507,8
508,8
509,8
509,14
510,8
511,1
511,8
512,11
512,15
513,5
513,13
513,14
514,5
515,8
516,5
516,8
516,17
517,1
517,8
517,13
518,5
519,15
519,16
520,5
521,6
521,16
522,1
522,8
523,8
524,8
525,8
526,8
527,8
527,17
528,8
529,8
530,8
531,4
531,8
532,5
532,6
532,11
533,1
534,8
534,14
535,8
536,8
537,5
537,8
538,8
539,5
539,14
540,16
541,10
541,15
542,5
543,5
543,14
543,16
544,1
545,8
546,1
546,2
546,4
546,15
547,1
547,2
547,16
548,1
549,7
550,5
550,14
551,4
551,5
551,12
552,1
552,2
552,5
553,18
554,16
555,1
555,6
555,14
556,7
557,8
558,1
558,2
558,3
558,4
558,9
559,5
560,8
561,16
562,5
562,8
563,8
564,5
565,11
566,5
566,14
567,8
568,5
568,8
569,4
569,5
570,5
570,8
571,8
572,8
573,8
574,5
574,8
575,4
575,5
576,5
577,2
577,4
578,8
578,13
579,16
580,8
581,7
582,5
583,5
583,8
584,8
585,5
586,4
586,5
587,5
587,14
587,16
588,3
588,4
588,5
588,12
589,1
589,15
589,16
590,2
590,8
590,18
591,1
591,8
591,16
592,1
592,2
592,6
592,8
593,8
593,16
594,3
594,4
594,12
595,3
595,4
595,12
596,3
596,4
597,5
597,14
598,5
599,18
600,16
601,8
602,7
603,5
604,7
605,8
605,14
606,11
607,8
608,8
609,2
609,4
610,1
610,2
610,3
610,11
610,15
611,1
611,11
611,15
612,5
613,8
613,14
614,8
614,16
615,8
616,3
616,4
617,8
618,5
618,14
619,5
620,8
621,8
623,14
624,1
624,8
624,16
625,8
626,5
627,8
627,16
628,8
628,16
629,8
630,8
630,14
631,3
631,4
631,12
632,17
633,5
634,5
635,5
635,8
636,8
637,5
638,14
639,5
640,8
640,16
641,5
642,8
643,5
644,5
645,8
647,8
647,17
648,1
648,2
648,13
649,5
649,8
650,8
651,5
652,13
653,1
653,2
653,9
654,8
654,14
655,5
656,5
657,5
657,8
658,8
659,6
659,16
660,8
661,3
661,4
661,12
662,16
663,5
664,5
665,17
666,8
667,1
668,8
669,8
670,8
671,5
671,15
672,8
673,2
673,3
673,4
673,5
673,9
674,2
674,15
675,1
675,8
675,16
676,8
678,8
678,16
679,8
680,15
681,6
682,7
682,8
683,7
684,8
685,8
687,8
687,14
688,1
688,2
688,5
688,17
690,14
691,5
691,14
692,1
692,15
692,16
693,8
694,1
695,13
695,16
696,16
697,8
697,14
698,8
699,8
700,5
701,8
702,8
703,8
704,1
704,2
705,5
706,8
707,6
707,10
707,16
708,5
708,14
709,3
709,4
710,5
711,2
711,4
712,8
713,8
714,18
715,8
716,6
717,5
718,5
718,15
719,5
720,3
721,8
722,7
723,8
724,8
724,11
725,5
726,8
727,7
728,5
729,8
730,8
731,13
731,16
732,6
733,1
733,2
733,16
734,5
735,5
735,11
736,1
736,2
736,14
736,16
737,1
737,15
738,8
739,5
741,3
741,15
742,11
742,16
743,5
744,8
745,3
745,5
745,16
746,10
747,5
748,1
748,15
748,16
749,8
750,15
750,17
751,5
752,5
752,14
753,5
753,8
754,2
754,4
755,4
755,8
756,7
757,8
758,8
759,7
760,17
761,2
762,5
762,6
763,8
764,8
764,14
765,5
765,8
766,8
767,8
768,8
769,7
770,8
771,5
771,8
772,5
773,8
774,8
775,11
776,5
776,8
777,17
778,8
779,8
779,14
780,1
780,15
780,17
781,8
782,16
783,3
783,4
783,12
784,5
785,5
786,1
786,16
787,7
788,5
788,9
788,14
788,15
789,8
790,8
791,7
792,9
793,8
794,5
794,8
795,8
796,8
797,5
798,1
798,2
798,16
799,5
799,11
800,8
800,13
801,4
801,5
802,8
802,14
803,14
804,5
804,14
805,8
806,8
807,5
807,14
808,2
808,4
809,1
809,2
810,4
810,5
810,9
811,5
812,8
813,5
814,8
815,1
815,13
815,16
816,8
818,5
819,5
819,8
820,8
821,14
822,8
823,8
824,8
825,5
825,14
826,8
827,8
828,2
828,4
829,5
829,12
830,5
831,8
832,8
832,16
833,5
834,5
835,8
836,1
836,2
836,16
837,4
837,5
838,5
838,8
838,14
839,1
839,16
840,5
841,11
842,11
843,8
844,8
845,8
846,8
847,5
847,8
848,8
849,1
849,2
849,15
849,16
850,6
850,8
851,8
852,5
852,14
853,8
854,8
855,8
856,5
857,8
858,1
858,6
858,8
859,7
860,5
861,1
861,16
862,8
863,5
864,5
864,8
865,8
866,6
866,8
866,14
866,16
867,5
867,6
868,5
869,6
870,5
871,5
872,8
873,8
874,6
874,8
875,8
876,1
877,8
878,8
879,11
880,15
880,16
881,4
881,5
882,8
882,16
884,8
885,4
885,8
885,9
886,1
887,8
888,3
888,4
889,14
890,16
891,11
891,16
892,5
892,8
892,14
893,8
894,14
895,8
896,8
897,2
897,17
898,5
898,14
899,12
899,14
900,12
900,14
901,5
901,12
902,8
902,14
903,13
903,16
904,13
904,16
905,5
906,13
906,16
907,5
907,12
907,14
908,8
908,16
909,5
909,8
910,5
910,6
911,5
911,13
911,14
911,16
912,8
912,14
912,17
913,10
913,13
914,12
914,14
915,5
915,14
916,5
916,14
917,4
917,8
918,12
919,2
919,4
919,8
919,12
920,8
920,14
920,17
921,5
922,10
923,8
924,8
924,13
924,15
924,16
925,2
925,14
926,8
927,5
928,14
928,16
929,16
930,10
930,14
930,16
931,13
931,14
931,16
932,14
933,5
933,14
933,16
934,5
935,5
935,12
936,5
936,14
937,5
937,14
938,12
939,5
939,8
940,1
940,2
941,2
942,6
942,10
942,13
943,8
943,14
944,8
945,5
945,12
945,14
946,5
946,8
946,17
947,5
948,8
949,8
950,13
951,5
952,2
952,5
953,8
954,8
955,5
956,8
956,14
957,8
958,5
958,13
959,8
960,6
960,8
961,8
962,6
962,8
963,12
964,18
965,16
966,8
967,18
968,11
968,15
969,1
969,2
969,14
969,17
970,5
970,8
971,8
972,8
973,8
974,8
974,14
975,5
975,12
976,14
976,17
977,13
978,8
979,8
979,17
980,1
981,8
982,8
983,14
984,5
984,8
985,7
986,2
986,4
987,8
987,14
988,5
988,8
989,8
990,1
990,2
990,16
991,8
991,17
992,16
993,8
994,8
996,1
996,8
996,18
997,8
997,16
998,1
998,6
999,6
1000,6
1001,5
1002,5
1003,8
1003,16
1004,1
1004,16
1005,4
1005,5
1006,8
1007,4
1007,5
1007,18
1008,18
1009,2
1009,4
1009,9
1010,4
1010,5
1011,2
1011,4
1011,5
1012,4
1012,8
1013,4
1013,8
1014,4
1014,5
1014,8
1015,2
1015,4
1016,4
1016,5
1017,2
1017,4
1018,4
1018,5
1018,13
1019,2
1019,4
1019,9
1019,15
1020,5
1021,4
1021,5
1022,3
1022,4
1022,12
1023,3
1023,4
1024,3
1024,4
1024,12
1025,3
1025,4
1026,4
1026,8
1027,8
1028,4
1028,5
1028,12
1029,3
1029,4
1029,12
1030,2
1030,3
1030,4
1030,12
1031,2
1031,4
1031,12
1032,3
1032,4
1032,12
1033,3
1033,4
1034,6
1035,12
1036,1
1036,16
1037,1
1037,15
1037,16
1038,8
1039,7
1040,8
1041,8
1042,5
1043,8
1043,14
1044,8
1045,5
1045,8
1046,8
1046,14
1047,1
1047,16
1049,1
1049,2
1050,7
1050,8
1051,8
1052,8
1053,6
1053,8
1054,8
1055,16
1056,8
1057,5
1057,12
1057,14
1058,8
1059,8
1059,14
1060,5
1060,8
1061,6
1061,8
1062,8
1063,8
1064,3
1064,4
1064,5
1065,13
1066,5
1066,12
1066,14
1067,5
1067,12
1067,14
1068,6
1068,10
1069,10
1069,16
1070,2
1071,14
1071,17
1073,2
1073,4
1073,5
1073,9
1075,5
1076,16
1077,5
1077,15
1078,5
1078,17
1079,5
1080,5
1081,5
1081,12
1082,8
1083,5
1083,12
1084,6
1084,8
1085,2
1085,8
1086,13
1086,16
1087,12
1088,12
1088,14
1089,6
1089,16
1090,8
1090,17
1091,5
1092,13
1092,16
1093,8
1093,12
1094,8
1094,14
1094,17
1095,8
1096,8
1097,4
1097,8
1097,9
1097,15
1098,5
1099,8
1100,1
1100,14
1101,1
1101,14
1102,1
1103,8
1104,8
1105,11
1106,7
1107,5
1108,7
1109,8
1110,1
1111,7
1112,1
1112,8
1113,5
1114,8
1115,5
1115,8
1116,8
1117,8
1118,2
1118,18
1119,8
1120,8
1121,8
1122,7
1123,7
1124,8
1125,5
1126,5
1126,9
1127,1
1127,2
1127,15
1127,16
1128,11
1129,1
1129,2
1129,15
1129,16
1130,11
1131,8
1132,8
1133,5
1133,8
1134,1
1134,8
1135,5
1136,5
1137,14
1138,7
1139,8
1140,8
1141,8
1142,8
1143,5
1144,7
1145,7
1146,5
1146,8
1147,7
1148,3
1148,5
1149,7
1149,8
1150,8
1151,3
1151,5
1151,16
1152,6
1152,10
1152,16
1153,10
1154,10
1155,8
1156,8
1157,8
1158,5
1159,14
1160,5
1161,8
1162,5
1163,8
1164,8
1165,8
1165,16
1166,5
1167,5
1168,11
1169,7
1170,1
1171,5
1172,5
1172,8
1172,14
1173,8
1174,5
1175,5
1175,15
1176,8
1177,8
1178,8
1178,17
1179,6
1179,8
1179,10
1180,5
1181,1
1183,8
1183,14
1183,17
1184,5
1184,17
1185,8
1186,8
1187,8
1188,5
1188,14
1189,7
1190,8
1191,7
1192,7
1193,8
1194,5
1196,1
1196,2
1196,8
1196,15
1196,17
1197,1
1197,2
1197,5
1197,14
1198,1
1198,2
1199,15
1200,1
1200,15
1200,16
1200,17
1201,1
1201,18
1202,5
1203,8
1204,2
1204,17
1205,1
1205,3
1205,4
1205,15
1205,16
1205,17
1206,15
1207,8
1208,8
1208,17
1209,18
1210,1
1210,2
1210,14
1210,15
1210,17
1211,5
1211,8
1211,14
1212,13
1212,16
1213,6
1213,8
1214,1
1214,11
1214,15
1214,16
1215,1
1215,2
1215,5
1215,11
1215,15
1216,2
1216,14
1217,8
1217,17
1218,1
1218,16
1219,11
1219,16
1220,1
1220,5
1220,12
1221,1
1221,6
1221,8
1222,1
1222,8
1222,17
1223,3
1223,5
1224,8
1224,17
1225,8
1226,5
1226,14
1227,6
1227,8
1227,16
1228,8
1230,5
1230,14
1231,8
1232,13
1232,15
1233,1
1233,8
1233,17
1234,5
1234,6
1235,5
1236,5
1236,8
1237,8
1238,5
1240,1
1240,15
1240,16
1241,5
1241,11
1242,1
1242,8
1242,17
1243,5
1243,8
1244,5
1244,8
1244,14
1245,8
1246,8
1247,8
1247,14
1248,6
1248,10
1248,16
1249,16
1250,8
1250,17
1251,8
1252,10
1252,13
1252,16
1253,8
1253,15
1254,2
1255,5
1255,11
1256,5
1256,17
1257,5
1258,11
1259,2
1259,5
1259,8
1260,6
1260,10
1260,16
1261,1
1261,2
1261,5
1261,11
1262,2
1262,17
1263,8
1263,17
1264,1
1264,8
1264,13
1264,14
1264,16
1265,5
1265,14
1266,18
1267,10
1267,16
1268,8
1269,5
1269,13
1269,16
1270,5
1270,15
1271,8
1272,8
1272,17
1273,5
1273,8
1274,2
1274,3
1274,15
1274,16
1275,1
1275,2
1276,5
1276,8
1277,1
1277,8
1277,14
1278,5
1278,11
1279,5
1279,8
1280,8
1281,5
1282,3
1282,4
1282,12
1283,18
1284,10
1284,13
1285,5
1286,8
1286,14
1287,1
1287,2
1287,8
1288,5
1288,8
1288,12
1289,7
1289,17
1290,8
1290,14
1291,1
1291,2
1292,5
1293,8
1294,5
1294,17
1295,8
1296,8
1296,14
1297,5
1298,8
1298,12
1298,17
1299,8
1299,17
1300,8
1301,15
1302,8
1303,2
1304,1
1304,5
1304,18
1305,8
1306,8
1306,15
1307,5
1307,14
1308,5
1309,8
1309,14
1310,7
1311,5
1312,8
1313,6
1314,14
1315,7
1316,8
1317,5
1318,5
1318,8
1319,7
1320,1
1320,11
1320,15
1320,16
1321,11
1322,11
1323,11
1324,11
1325,11
1326,11
1327,11
1328,11
1329,11
1330,5
1330,11
1331,11
1332,11
1332,16
1333,11
1334,11
1334,15
1335,1
1335,11
1336,11
1337,11
1339,11
1339,14
1340,11
1341,11
1342,11
1343,16
1344,10
1344,16
1345,11
1346,11
1347,11
1348,11
1349,11
1350,11
1351,8
1352,6
1352,16
1353,5
1353,14
1354,8
1355,11
1355,16
1356,1
1356,2
1356,15
1357,8
1357,14
1358,8
1358,16
1359,2
1359,4
1359,5
1360,8
1361,7
1362,8
1363,8
1364,1
1365,8
1366,8
1367,4
1367,5
1368,8
1369,8
1369,16
1370,1
1370,16
1371,1
1371,2
1371,15
1372,1
1372,2
1372,15
1373,1
1373,2
1373,15
1374,1
1374,2
1374,15
1375,1
1375,2
1375,15
1376,1
1376,2
1376,15
1377,1
1377,2
1377,5
1377,6
1378,1
1378,5
1378,18
1379,1
1379,5
1379,18
1380,5
1380,12
1380,14
1381,5
1381,12
1381,14
1382,1
1382,8
1383,1
1383,15
1384,8
1385,1
1386,18
1387,1
1387,11
1388,1
1388,11
1389,1
1389,11
1390,5
1391,1
1391,5
1391,15
1391,17
1392,5
1392,8
1393,8
1393,14
1394,5
1395,5
1395,8
1396,6
1396,8
1396,15
1397,8
1398,14
1398,17
1399,8
1400,8
1401,8
1404,6
1404,8
1405,3
1405,5
1406,8
1407,11
1407,16
1408,1
1408,14
1408,17
1409,5
1409,14
1410,5
1410,8
1411,8
1412,8
1413,8
1414,5
1415,6
1415,8
1415,14
1416,8
1416,12
1417,8
1419,8
1420,7
1421,7
1422,13
1422,16
1423,8
1424,1
1425,5
1426,4
1427,16
1428,8
1429,1
1430,16
1431,1
1431,5
1432,1
1433,5
1433,11
1434,1
1436,5
1437,8
1438,1
1438,16
1439,5
1440,5
1441,5
1441,14
1442,8
1443,7
1444,5
1445,5
1445,17
1446,5
1447,6
1448,7
1449,5
1450,17
1453,5
1453,14
1454,5
1455,5
1455,14
1456,5
1457,5
1457,14
1458,14
1459,13
1459,16
1460,4
1460,5
1460,13
1461,5
1462,7
1463,5
1463,14
1464,13
1465,8
1466,6
1466,8
1467,5
1467,8
1468,5
1468,14
1470,7
1471,8
1472,6
1472,16
1473,1
1473,5
1473,6
1473,8
1474,4
1474,5
1475,14
1476,5
1476,8
1477,14
1479,1
1479,14
1479,16
1480,1
1480,8
1480,16
1482,5
1482,8
1483,8
1483,16
1484,13
1485,5
1486,8
1487,8
1487,12
1488,1
1488,8
1488,16
1488,17
1489,3
1489,4
1489,12
1490,5
1493,14
1494,5
1495,1
1495,2
1495,4
1496,8
1496,14
1497,1
1498,8
1498,14
1499,1
1499,2
1499,16
1500,5
1500,6
1501,6
1502,14
1503,5
1504,8
1507,8
1507,17
1508,8
1509,8
1510,8
1511,5
1513,5
1514,14
1515,8
1515,16
1516,5
1517,5
1518,1
1518,16
1519,8
1520,14
1522,8
1523,1
1523,6
1523,14
1524,8
1525,1
1525,2
1525,4
1525,9
1526,5
1527,1
1527,15
1528,5
1529,8
1531,8
1532,5
1533,8
1534,8
1535,8
1535,14
1537,5
1538,2
1538,4
1539,5
1539,6
1541,5
1541,14
1542,5
1542,8
1542,14
1543,8
1544,1
1544,2
1544,15
1544,16
1545,8
1546,5
1547,4
1547,8
1548,8
1549,8
1549,14
1550,5
1550,14
1551,2
1551,4
1551,8
1552,1
1552,2
1552,16
1553,5
1554,8
1554,14
1555,8
1556,1
1556,14
1556,16
1557,8
1558,5
1559,8
1561,5
1562,1
1562,2
1562,6
1563,8
1564,5
1564,14
1565,5
1565,16
1566,2
1566,3
1566,4
1566,5
1566,12
1567,8
1568,6
1568,8
1568,13
1569,5
1569,14
1570,15
1571,5
1571,14
1572,8
1573,1
1573,15
1573,16
1574,14
1575,8
1577,8
1578,6
1579,8
1580,1
1580,2
1580,5
1580,15
1581,5
1582,2
1582,4
1583,4
1583,9
1584,8
1584,15
1585,5
1586,1
1586,8
1586,17
1587,1
1587,2
1588,4
1588,5
1589,6
1589,8
1589,13
1590,1
1590,13
1590,15
1590,16
1591,1
1591,2
1591,15
1591,16
1592,4
1592,5
1593,5
1593,14
1594,8
1595,2
1595,4
1595,8
1596,8
1597,1
1597,13
1597,14
1597,16
1598,6
1598,8
1598,16
1599,1
1600,8
1600,14
1601,6
1601,8
1601,10
1602,5
1603,15
1603,16
1604,1
1604,5
1605,2
1605,14
1606,1
1606,2
1608,1
1608,16
1609,8
1610,1
1610,16
1611,8
1612,5
1613,8
1614,5
1615,2
1615,16
1616,1
1616,16
1616,17
1617,6
1617,10
1617,13
1617,16
1619,8
1619,17
1620,6
1620,8
1620,16
1621,8
1622,5
1622,8
1623,11
1624,8
1625,13
1625,16
1626,1
1626,8
1626,16
1627,1
1627,6
1627,13
1628,8
1629,5
1629,14
1630,5
1630,8
1631,16
1632,5
1632,14
1633,8
1635,8
1636,1
1636,16
1639,8
1639,14
1640,5
1641,5
1642,5
1642,8
1643,8
1643,14
1644,11
1644,13
1644,16
1645,6
1645,11
1645,13
1645,16
1646,5
1647,6
1647,16
1648,5
1648,8
1648,16
1649,7
1650,8
1651,8
1652,7
1653,8
1653,15
1653,16
1654,4
1654,8
1654,9
1655,11
1656,14
1657,7
1658,14
1658,16
1659,8
1660,8
1661,16
1662,6
1663,5
1664,8
1665,5
1666,14
1667,1
1667,8
1668,8
1669,14
1670,8
1670,17
1671,6
1672,8
1673,8
1674,8
1674,14
1674,16
1675,6
1675,16
1676,1
1676,2
1676,15
1676,17
1677,5
1678,8
1679,5
1680,8
1680,14
1681,1
1681,2
1682,8
1683,8
1683,14
1683,16
1684,14
1685,14
1686,6
1686,16
1687,1
1687,16
1688,3
1688,4
1688,12
1689,5
1689,13
1690,1
1690,11
1690,15
1692,11
1692,15
1693,8
1694,8
1695,8
1696,8
1696,17
1697,6
1698,5
1699,8
1701,5
1701,8
1702,4
1702,5
1702,9
1703,5
1704,8
1705,8
1706,8
1707,4
1707,5
1708,8
1709,16
1710,8
1711,5
1711,6
1711,8
1711,13
1713,4
1713,5
1714,14
1715,16
1716,8
1717,11
1717,16
1718,16
1719,8
1720,1
1720,2
1720,15
1721,8
1721,14
1722,1
1722,14
1722,16
1723,5
1723,8
1724,8
1725,8
1726,8
1727,8
1728,8
1729,6
1729,8
1730,8
1731,5
1732,5
1732,6
1732,13
1732,16
1733,8
1733,14
1734,5
1734,8
1735,8
1735,14
1738,5
1739,1
1739,4
1740,1
1740,8
1741,8
1742,6
1743,7
1744,1
1744,2
1744,16
1746,5
1747,5
1747,8
1748,10
1748,15
1748,16
1749,14
1750,2
1750,4
1750,9
1750,15
1752,1
1752,16
1753,5
1754,1
1754,13
1754,16
1755,14
1756,11
1757,8
1758,8
1759,8
1760,5
1760,12
1762,1
1762,11
1762,15
1764,5
1764,16
1765,6
1765,8
1767,8
1767,14
1768,8
1769,1
1769,16
1770,14
1770,16
1771,11
1772,1
1772,5
1772,12
1773,1
1773,8
1774,5
1774,8
1776,8
1777,5
1777,14
1779,2
1779,15
1779,16
1780,7
1781,8
1782,5
1782,14
1783,10
1783,13
1783,16
1784,5
1784,8
1785,1
1785,6
1787,7
1788,1
1788,8
1789,8
1791,6
1791,8
1792,1
1792,16
1793,5
1794,5
1794,8
1795,8
1796,1
1796,8
1797,7
1798,16
1799,6
1799,8
1801,1
1801,8
1801,14
1804,6
1804,8
1805,6
1805,8
1805,13
1805,16
1806,2
1806,4
1806,5
1807,8
1809,5
1809,6
1809,8
1810,8
1811,8
1812,4
1812,5
1812,8
1814,8
1815,8
1816,5
1816,8
1817,5
1817,8
1817,14
1819,8
1820,8
1821,5
1821,14
1822,4
1822,5
1824,5
1824,16
1825,1
1825,8
1826,2
1826,4
1827,5
1827,7
1829,8
1829,14
1830,5
1831,1
1831,15
1831,16
1832,1
1832,8
1833,1
1833,8
1833,16
1834,8
1834,16
1835,14
1836,8
1837,5
1839,5
1840,8
1841,8
1841,16
1842,6
1842,8
1843,4
1843,5
1844,8
1845,5
1845,16
1846,8
1847,8
1847,16
1848,2
1848,4
1848,5
1848,9
1849,2
1850,8
1850,14
1851,8
1851,14
1852,8
1852,16
1853,5
1854,5
1854,14
1855,5
1856,7
1856,12
1857,5
1858,1
1858,5
1859,8
1860,8
1861,5
1861,16
1862,11
1862,15
1863,5
1864,5
1865,7
1866,1
1866,5
1867,1
1867,2
1868,8
1868,17
1869,1
1869,16
1870,5
1870,8
1871,5
1871,8
1872,8
1873,8
1874,5
1874,14
1875,5
1876,1
1876,8
1876,15
1876,16
1877,8
1878,5
1878,14
1879,8
1880,8
1881,2
1881,3
1881,4
1881,9
1882,1
1882,15
1883,5
1884,5
1884,8
1885,5
1885,8
1886,5
1887,2
1887,5
1888,5
1888,8
1888,14
1889,16
1890,8
1891,11
1891,16
1892,13
1892,16
1893,8
1894,2
1894,5
1894,14
1895,5
1895,8
1895,14
1896,5
1897,8
1897,14
1898,8
1898,17
1899,2
1899,8
1900,8
1901,7
1902,8
1902,14
1903,5
1904,5
1904,8
1905,8
1906,5
1906,14
1907,3
1907,4
1908,8
1908,16
1909,13
1909,15
1909,16
1910,1
1910,5
1910,6
1911,5
1912,1
1912,6
1912,14
1913,8
1913,13
1914,5
1914,8
1915,8
1916,1
1916,5
1916,8
1917,1
1917,2
1917,15
1917,16
1918,1
1918,5
1918,6
1918,8
1919,4
1919,5
1920,3
1920,4
1920,9
1920,17
1921,15
1921,16
1922,8
1923,5
1924,11
1924,15
1925,8
1925,14
1925,17
1926,12
1927,17
1928,18
1929,8
1930,8
1931,2
1932,12
1933,8
1934,5
1935,8
1936,8
1936,17
1937,5
1938,8
1939,8
1939,17
1940,8
1941,8
1942,8
1943,8
1944,8
1944,14
1944,17
1945,6
1945,8
1946,8
1946,14
1947,12
1947,14
1948,5
1949,8
1950,8
1950,13
1951,12
1952,8
1953,1
1953,6
1953,8
1953,16
1954,1
1954,8
1955,8
1956,8
1957,8
1958,5
1958,8
1959,8
1959,14
1960,8
1960,17
1961,8
1962,8
1963,5
1964,8
1964,13
1965,5
1965,15
1966,5
1967,2
1967,4
1967,9
1968,5
1968,8
1969,11
1970,11
1971,11
1972,11
1973,11
1974,11
1975,11
1976,11
1977,11
1978,11
1979,11
1980,11
1981,11
1982,11
1983,11
1984,11
1985,11
1986,11
1987,11
1988,11
1989,11
1990,11
1991,11
1992,11
1993,11
1994,11
1994,16
1995,11
1995,16
1996,11
1996,16
1997,11
1998,11
1999,11
2000,1
2000,5
2000,6
2000,8
2001,1
2001,5
2001,6
2001,8
2002,1
2002,5
2002,6
2002,8
2003,5
2003,11
2004,5
2004,11
2005,2
2005,4
2005,9
2006,1
2006,2
2006,14
2007,5
2008,6
2008,8
2008,10
2009,15
2009,16
2010,15
2011,5
2011,15
2012,5
2012,15
2012,18
2013,1
2013,2
2014,4
2014,5
2015,4
2015,5
2015,9
2016,4
2016,5
2016,18
2017,4
2017,9
2017,12
2018,3
2018,4
2019,1
2019,8
2020,8
2020,14
2021,9
2021,15
2022,8
2023,1
2023,6
2023,8
2024,8
2024,13
2025,8
2025,14
2026,11
2026,16
2027,5
2027,6
2028,1
2028,8
2028,17
2029,5
2029,14
2030,8
2031,4
2031,5
2032,4
2032,5
2033,3
2033,4
2034,15
2035,4
2035,5
2036,4
2036,5
2037,2
2037,4
2037,5
2038,4
2038,5
2038,15
2039,2
2039,4
2040,4
2040,5
2041,1
2041,2
2041,4
2041,5
2042,4
2042,5
2043,2
2043,4
2043,9
2044,5
2045,2
2045,4
2045,8
2045,14
2046,2
2046,4
2046,15
2047,4
2048,3
2048,4
2049,5
2049,12
2050,2
2050,4
2050,5
2051,2
2051,4
2051,5
2052,4
2052,5
2053,4
2053,5
2053,15
2054,2
2054,4
2054,5
2054,9
2054,15
2055,5
2055,18
2056,2
2056,4
2057,2
2057,4
2058,1
2058,16
2059,4
2059,8
2060,5
2061,7
2062,8
2062,14
2063,8
2063,14
2064,5
2064,7
2065,5
2065,8
2065,14
2066,10
2067,8
2067,14
2067,17
2068,8
2069,8
2070,8
2071,8
2072,5
2073,5
2074,8
2075,8
2075,17
2076,8
2076,13
2077,2
2077,4
2078,3
2078,4
2078,5
2078,12
2079,4
2079,8
2080,3
2080,4
2080,5
2080,12
2080,14
2081,3
2081,4
2081,5
2081,12
2081,14
2082,4
2082,5
2083,4
2083,12
2084,4
2084,12
2085,3
2085,4
2086,8
2086,9
2087,3
2087,4
2087,9
2087,12
2088,2
2088,5
2088,12
2089,3
2089,4
2090,3
2090,4
2091,4
2091,15
2092,3
2092,4
2092,12
2093,2
2093,4
2093,9
2093,15
2094,1
2094,2
2094,15
2095,4
2095,5
2096,3
2096,4
2096,12
2097,4
2097,11
2098,4
2098,5
2099,2
2099,3
2099,4
2099,12
2100,5
2100,9
2100,14
2101,2
2101,8
2102,3
2102,4
2102,5
2102,12
2103,2
2103,4
2104,8
2105,1
2105,2
2105,9
2105,15
2106,8
2106,17
2107,11
2107,16
2108,5
2108,14
2109,5
2110,5
2110,6
2110,16
2111,5
2112,6
2112,8
2113,11
2113,16
2114,8
2115,1
2115,2
2116,2
2116,3
2116,4
2116,15
2117,8
2117,15
2118,11
2118,16
2119,11
2120,8
2120,11
2121,11
2121,16
2122,11
2122,16
2123,3
2123,4
2124,5
2125,8
2125,14
2126,1
2126,6
2126,13
2126,16
2127,8
2127,14
2128,5
2129,7
2130,6
2130,8
2130,14
2131,8
2132,8
2133,2
2133,5
2134,5
2135,2
2135,12
2136,5
2137,3
2137,4
2138,3
2138,4
2138,8
2138,9
2139,3
2139,4
2140,4
2140,9
2140,15
2141,3
2141,4
2141,5
2142,3
2142,4
2142,5
2143,2
2143,9
2143,14
2144,5
2145,5
2145,8
2145,14
2146,8
2146,14
2147,8
2148,5
2148,11
2149,5
2149,11
2150,5
2151,5
2152,4
2152,5
2153,1
2153,2
2154,8
2154,14
2155,5
2156,5
2156,8
2157,14
2158,6
2158,11
2159,6
2159,11
2160,11
2160,16
2161,2
2161,4
2161,9
2162,2
2162,4
2162,9
2163,5
2163,11
2164,8
2165,8
2166,8
2166,14
2167,1
2167,2
2167,11
2168,8
2168,14
2169,5
2170,1
2170,5
2171,5
2171,8
2171,14
2172,5
2173,2
2173,9
2173,15
2174,5
2174,9
2175,8
2175,14
2176,16
2177,5
2177,16
2178,16
2179,16
2180,16
2181,16
2182,8
2182,10
2182,16
2183,16
2184,13
2184,16
2185,16
2186,10
2186,16
2187,13
2187,16
2188,8
2189,3
2190,8
2191,5
2192,8
2193,1
2193,2
2193,9
2194,1
2194,6
2194,8
2195,5
2196,1
2197,8
2198,7
2199,6
2199,8
2200,8
2201,8
2202,8
2202,16
2202,17
2203,10
2203,16
2204,16
2205,5
2206,13
2206,16
2207,8
2208,5
2208,13
2208,14
2208,16
2209,6
2209,16
2210,16
2211,16
2212,16
2213,5
2213,12
2214,16
2215,5
2215,14
2216,8
2217,5
2217,12
2218,8
2219,13
2219,16
2220,8
2221,16
2222,5
2223,5
2224,8
2225,8
2226,8
2227,16
2228,8
2229,8
2230,5
2231,6
2231,8
2232,15
2232,16
2233,8
2234,8
2235,8
2235,17
2236,8
2237,8
2238,5
2238,8
2239,5
2239,8
2240,8
2241,5
2242,8
2243,5
2243,8
2243,14
2244,5
2244,14
2245,5
2245,8
2246,5
2247,5
2248,5
2248,8
2248,14
2249,5
2250,8
2251,5
2252,5
2252,8
2253,1
2253,5
2253,9
2254,8
2255,5
2256,11
2256,15
2257,5
2257,14
2258,1
2259,5
2259,14
2260,1
2260,6
2261,5
2262,5
2262,8
2262,14
2263,16
2264,8
2265,2
2265,5
2266,5
2266,14
2267,13
2267,16
2268,6
2268,8
2269,8
2270,7
2271,8
2272,8
2273,1
2273,16
2274,8
2275,1
2275,2
2275,15
2276,8
2277,8
2278,1
2278,6
2278,16
2279,11
2279,16
2280,6
2281,6
2282,5
2282,8
2283,8
2284,8
2285,8
2286,5
2287,15
2287,16
2287,17
2288,1
2288,11
2288,15
2288,16
2289,5
2289,8
2290,5
2290,8
2291,8
2291,14
2292,14
2293,8
2294,3
2294,4
2295,5
2296,5
2297,8
2297,14
2298,16
2299,5
2300,5
2300,12
2301,5
2302,5
2303,8
2303,12
2304,8
2305,8
2306,5
2307,1
2307,8
2308,1
2308,6
2309,8
2310,8
2311,13
2311,15
2312,8
2313,8
2314,8
2315,11
2315,16
2316,8
2316,14
2317,5
2318,5
2319,5
2320,8
2320,16
2321,5
2322,1
2322,2
2322,15
2322,16
2322,17
2323,7
2324,5
2324,8
2325,5
2326,8
2326,16
2327,11
2328,11
2329,8
2330,7
2331,5
2331,14
2332,6
2332,8
2333,8
2334,1
2334,16
2335,5
2336,8
2337,8
2338,11
2338,13
2338,16
2339,5
2339,14
2340,14
2341,8
2342,5
2343,8
2344,1
2344,2
2344,8
2344,16
2345,8
2346,15
2346,16
2347,1
2348,8
2349,5
2349,16
2350,5
2351,8
2352,5
2352,8
2353,1
2353,16
2354,3
2354,4
2354,5
2355,3
2355,4
2355,5
2356,5
2357,8
2358,8
2359,5
2360,8
2361,5
2362,8
2363,1
2363,15
2364,1
2364,15
2365,1
2365,15
2366,1
2366,2
2366,11
2367,1
2367,2
2367,11
2368,1
2368,2
2368,11
2369,5
2369,14
2370,1
2370,2
2370,8
2371,5
2372,5
2373,1
2373,2
2374,5
2374,8
2375,5
2376,1
2377,11
2377,15
2378,5
2379,5
2380,5
2381,5
2382,5
2383,5
2384,4
2384,5
2385,5
2385,14
2386,8
2387,5
2387,6
2388,8
2388,14
2389,6
2389,11
2389,16
2390,5
2391,6
2391,16
2392,5
2392,8
2393,1
2393,15
2394,3
2394,12
2395,5
2396,5
2396,14
2397,8
2398,8
2399,2
2399,4
2399,9
2400,4
2400,8
2401,18
2402,1
2402,17
2403,1
2404,1
2404,17
2405,1
2405,2
2405,5
2405,14
2406,1
2406,2
2406,5
2406,14
2407,5
2407,15
2408,5
2408,15
2409,1
2409,8
2410,1
2410,8
2411,1
2411,8
2412,1
2412,8
2413,5
2413,13
2414,1
2414,2
2414,13
2415,8
2415,14
2416,5
2417,5
2417,8
2418,5
2419,8
2419,16
2420,8
2421,1
2421,2
2421,8
2422,1
2422,2
2422,8
2423,5
2424,5
2424,14
2425,6
2426,5
2426,8
2426,14
2427,1
2427,8
2427,17
2428,11
2428,15
2429,2
2429,4
2429,8
2430,2
2430,4
2430,8
2431,5
2431,8
2432,8
2433,8
2434,8
2435,8
2436,5
2437,8
2438,8
2438,16
2439,8
2440,8
2441,8
2441,18
2442,8
2443,8
2443,14
2444,5
2444,8
2445,8
2446,16
2447,5
2447,8
2448,11
2448,15
2449,2
2449,4
2450,2
2450,4
2450,15
2451,11
2452,11
2453,8
2453,9
2454,11
2454,15
2455,11
2455,15
2456,11
2456,15
2457,1
2457,5
2458,5
2458,6
2459,11
2460,11
2461,11
2462,11
2463,5
2464,11
2465,11
2466,8
2467,13
2468,1
2468,5
2468,14
2468,16
2469,5
2469,14
2470,2
2470,5
2471,2
2471,5
2472,5
2473,5
2474,8
2475,1
2475,13
2475,16
2476,1
2476,17
2477,2
2478,5
2478,18
2479,8
2479,16
2480,8
2481,8
2481,14
2482,5
2482,14
2483,5
2483,11
2483,16
2484,5
2485,5
2485,14
2486,8
2487,1
2487,5
2488,8
2488,11
2488,16
2489,8
2490,1
2490,16
2491,5
2491,14
2492,5
2493,8
2494,7
2495,3
2495,15
2496,5
2496,14
2497,14
2498,5
2498,15
2499,5
2500,5
2501,8
2502,5
2502,14
2503,8
2504,5
2504,8
2505,16
2506,5
2506,8
2506,14
2507,5
2508,8
2509,5
2510,5
2510,14
2511,6
2512,8
2513,11
2514,11
2515,11
2516,11
2517,11
2518,5
2519,11
2520,8
2521,8
2522,8
2523,8
2523,16
2524,1
2524,8
2525,1
2525,11
2525,15
2526,15
2527,1
2527,15
2527,16
2527,18
2528,1
2528,2
2528,15
2529,1
2529,15
2530,1
2530,15
2531,1
2531,15
2532,1
2532,15
2533,1
2533,15
2534,1
2535,1
2536,8
2537,2
2538,7
2539,5
2540,1
2540,6
2540,8
2540,16
2541,8
2542,5
2542,6
2542,16
2543,5
2544,8
2545,5
2546,8
2547,8
2548,11
2549,1
2549,15
2550,11
2550,16
2551,8
2551,16
2552,5
2553,11
2553,15
2553,16
2554,11
2554,15
2554,16
2555,5
2556,5
2556,8
2556,14
2557,8
2558,5
2558,14
2559,3
2559,4
2560,8
2560,11
2561,6
2561,16
2562,8
2563,8
2564,8
2565,12
2566,3
2566,4
2567,5
2568,1
2568,6
2569,8
2569,14
2570,8
2570,14
2571,1
2571,15
2571,16
2572,5
2572,14
2573,8
2574,5
2575,8
2576,8
2577,5
2577,8
2578,15
2579,8
2580,6
2581,5
2581,14
2582,1
2582,5
2583,13
2584,5
2585,8
2585,14
2586,5
2586,6
2586,16
2587,5
2588,8
2589,5
2589,8
2589,14
2590,8
2591,5
2591,14
2592,8
2593,5
2594,8
2594,14
2594,15
2595,7
2596,5
2596,8
2597,5
2597,14
2598,5
2599,5
2600,1
2600,15
2600,16
2601,5
2602,2
2602,15
2603,8
2604,7
2605,6
2605,16
2606,5
2606,11
2607,8
2608,16
2609,8
2610,8
2611,8
2612,8
2613,1
2613,11
2613,15
2614,1
2614,11
2614,15
2615,2
2615,15
2616,1
2616,6
2617,1
2617,2
2617,11
2617,16
2618,5
2619,8
2620,8
2620,14
2621,8
2621,14
2622,5
2622,9
2623,5
2624,8
2625,1
2626,5
2626,8
2626,14
2627,7
2627,8
2628,1
2628,2
2628,9
2628,15
2629,5
2629,14
2630,8
2631,5
2631,10
2631,16
2632,8
2633,11
2633,14
2634,11
2635,11
2636,11
2637,11
2638,11
2639,8
2640,1
2640,2
2640,15
2641,1
2641,2
2641,15
2642,1
2642,2
2642,15
2643,1
2643,2
2643,15
2644,11
2645,11
2646,11
2647,11
2648,11
2649,11
2650,11
2651,11
2652,11
2653,11
2654,11
2655,11
2656,11
2656,15
2657,5
2657,11
2657,12
2657,15
2658,15
2659,5
2659,7
2660,15
2661,15
2662,1
2662,15
2662,17
2663,15
2664,11
2664,15
2665,15
2666,15
2667,15
2668,11
2668,15
2669,17
2670,17
2671,5
2671,14
2672,8
2672,15
2672,16
2673,8
2674,8
2675,5
2675,8
2675,14
2676,8
2676,16
2677,7
2678,8
2679,8
2679,14
2680,8
2681,5
2681,14
2681,15
2682,8
2683,5
2684,5
2684,8
2685,5
2685,8
2686,8
2686,13
2687,3
2687,4
2688,8
2688,16
2689,7
2690,5
2691,8
2692,1
2692,6
2692,14
2693,7
2694,5
2695,8
2696,5
2697,5
2697,8
2697,14
2698,15
2699,1
2699,5
2699,15
2699,16
2700,3
2700,5
2701,1
2701,15
2701,18
2702,8
2703,8
2704,8
2704,14
2705,8
2706,5
2707,16
2708,14
2709,4
2709,5
2710,11
2711,8
2712,8
2713,11
2713,16
2714,8
2715,5
2715,14
2716,5
2716,11
2717,5
2717,11
2718,5
2719,11
2719,16
2720,1
2720,2
2720,4
2720,5
2721,14
2722,1
2722,15
2722,16
2723,1
2723,2
2723,5
2724,5
2724,14
2725,8
2726,6
2726,10
2727,10
2728,8
2729,8
2730,8
2731,8
2732,8
2733,2
2733,5
2734,8
2735,1
2735,2
2735,5
2736,5
2737,1
2738,5
2738,8
2739,8
2740,11
2741,1
2741,16
2742,5
2742,8
2743,8
2744,8
2745,8
2746,5
2746,11
2746,12
2747,5
2747,11
2748,1
2748,2
2749,8
2749,13
2750,5
2750,8
2751,5
2752,5
2752,13
2753,16
2754,11
2755,8
2756,1
2757,8
2758,8
2759,5
2760,8
2761,3
2761,4
2762,16
2763,1
2763,16
2764,6
2764,8
2764,16
2765,5
2765,8
2766,5
2766,8
2767,5
2768,5
2769,6
2769,13
2770,5
2771,8
2772,5
2773,8
2774,5
2774,14
2775,8
2776,7
2777,8
2778,16
2779,5
2780,5
2780,11
2781,11
2782,11
2783,11
2784,11
2785,11
2786,5
2787,11
2788,5
2789,11
2790,11
2791,5
2792,5
2793,5
2793,11
2794,5
2795,5
2796,5
2797,5
2797,9
2798,5
2799,5
2800,3
2800,4
2801,8
2801,14
2802,1
2802,14
2802,16
2803,16
2804,5
2804,8
2805,5
2805,14
2806,5
2806,16
2807,1
2807,15
2808,1
2808,15
2809,5
2810,3
2810,13
2811,5
2812,1
2812,16
2813,7
2814,11
2815,1
2815,17
2816,1
2816,17
2817,1
2817,17
2818,1
2818,17
2819,16
2820,8
2821,2
2821,8
2822,2
2822,14
2823,1
2823,8
2824,7
2825,8
2826,1
2826,11
2826,16
2827,15
2827,16
2828,4
2828,5
2829,5
2829,8
2830,8
2831,8
2832,8
2833,14
2833,17
2834,5
2834,14
2835,1
2835,16
2836,5
2837,5
2837,14
2838,5
2839,8
2840,16
2841,16
2842,6
2842,8
2843,5
2843,14
2844,8
2844,13
2845,8
2846,4
2847,8
2848,8
2849,5
2849,8
2850,8
2850,16
2851,2
2851,15
2851,16
2852,8
2853,11
2854,11
2855,11
2856,16
2857,3
2857,12
2858,5
2858,8
2859,7
2860,5
2861,5
2861,8
2862,8
2863,5
2863,12
2864,5
2865,5
2866,8
2867,5
2867,11
2868,11
2869,8
2870,5
2871,2
2871,16
2872,1
2872,8
2872,9
2872,14
2873,8
2873,13
2873,14
2874,5
2875,8
2875,13
2875,14
2876,3
2876,4
2877,8
2877,12
2878,11
2879,1
2879,2
2879,5
2880,1
2880,2
2880,5
2881,1
2881,16
2882,8
2883,5
2884,5
2884,14
2885,8
2885,14
2886,4
2886,5
2887,8
2888,5
2888,14
2889,5
2890,8
2890,17
2891,5
2892,1
2892,8
2893,1
2893,8
2894,8
2894,14
2895,2
2896,18
2897,5
2897,17
2898,11
2898,13
2899,2
2899,3
2899,4
2900,11
2900,15
2901,11
2901,15
2902,11
2902,16
2903,11
2903,16
2904,8
2905,1
2905,2
2906,8
2906,14
2907,5
2908,8
2909,7
2910,8
2910,14
2911,8
2912,1
2912,6
2912,8
2913,5
2914,5
2914,8
2915,5
2916,1
2916,2
2916,15
2916,16
2917,6
2917,16
2918,5
2919,8
2919,14
2920,8
2920,14
2921,18
2922,18
2923,5
2924,1
2924,5
2925,8
2926,5
2926,8
2927,8
2927,14
2928,8
2929,8
2930,7
2931,8
2932,8
2933,8
2934,12
2935,5
2935,14
2936,5
2937,5
2938,8
2939,8
2939,16
2940,10
2941,12
2941,14
2941,17
2942,8
2942,14
2943,8
2943,14
2944,1
2944,17
2945,13
2946,5
2946,12
2947,1
2948,1
2949,1
2950,2
2950,8
2950,14
2951,1
2951,18
2952,6
2952,16
2953,4
2953,5
2954,8
2955,8
2956,1
2956,6
2956,16
2957,8
2958,8
2959,8
2960,8
2961,5
2961,8
2962,5
2962,14
2963,6
2963,8
2964,8
2965,1
2966,8
2967,8
2967,16
2968,2
2968,9
2968,15
2969,8
2969,14
2970,2
2970,8
2971,12
2972,8
2972,17
2973,5
2974,11
2974,16
2975,8
2976,8
2976,11
2977,5
2977,8
2978,5
2978,14
2979,8
2980,8
2981,7
2982,11
2982,16
2983,16
2984,7
2985,1
2985,6
2985,15
2986,1
2986,6
2986,15
2987,2
2987,3
2987,10
2988,8
2989,1
2990,1
2991,1
2992,11
2992,16
2993,1
2994,8
2995,11
2996,8
2997,5
2998,14
2999,5
3000,1
3000,2
3000,3
3001,8
3002,7
3003,5
3003,8
3004,5
3004,14
3005,16
3006,8
3007,7
3008,16
3009,8
3010,8
3011,8
3012,5
3013,5
3013,11
3014,5
3015,16
3016,11
3017,11
3018,11
3019,6
3019,8
3020,1
3020,8
3021,11
3022,5
3023,5
3023,14
3024,11
3024,15
3025,18
3026,11
3027,11
3028,5
3029,1
3029,8
3030,5
3030,8
3030,18
3031,5
3032,15
3033,5
3033,15
3034,3
3034,4
3035,5
3035,8
3035,17
3036,2
3037,5
3037,8
3037,18
3038,8
3039,5
3040,5
3041,5
3042,5
3043,5
3044,13
3044,14
3044,16
3045,5
3045,8
3046,5
3046,14
3047,8
3048,5
3049,5
3049,17
3050,8
3051,8
3052,5
3053,8
3053,17
3054,3
3054,4
3055,16
3056,16
3057,5
3058,11
3058,15
3059,8
3060,5
3060,8
3061,5
3061,12
3062,1
3062,8
3062,17
3063,16
3064,16
3065,8
3066,17
3067,5
3067,8
3068,8
3069,8
3070,2
3070,5
3070,15
3071,8
3072,5
3073,8
3073,14
3074,18
3075,16
3076,5
3077,7
3078,8
3079,8
3080,8
3080,15
3081,11
3081,14
3082,1
3082,16
3083,5
3083,8
3084,7
3085,11
3086,5
3087,5
3088,5
3089,8
3090,8
3091,8
3091,17
3092,8
3093,8
3093,18
3094,8
3094,14
3095,8
3096,5
3097,5
3097,14
3098,8
3099,5
3099,14
3100,8
3101,16
3102,16
3103,8
3103,14
3104,1
3104,2
3104,5
3104,6
3105,8
3106,8
3106,14
3107,1
3107,8
3108,5
3108,8
3108,14
3109,8
3110,8
3111,8
3112,8
3113,1
3113,16
3114,3
3114,4
3114,5
3115,8
3116,8
3117,8
3117,14
3117,17
3118,8
3119,11
3120,5
3121,10
3122,8
3122,14
3122,18
3123,5
3124,5
3124,8
3125,8
3126,8
3127,8
3128,8
3129,5
3129,8
3130,5
3131,5
3132,5
3133,5
3134,8
3134,17
3135,8
3136,7
3137,1
3137,17
3138,8
3139,1
3139,2
3140,5
3141,8
3142,7
3142,12
3143,8
3143,17
3144,5
3144,14
3145,8
3146,5
3147,8
3147,16
3148,8
3149,13
3150,8
3151,6
3151,8
3151,13
3152,8
3153,1
3153,2
3153,9
3154,8
3154,17
3155,8
3155,14
3156,5
3156,8
3156,15
3157,4
3157,5
3158,8
3159,3
3159,4
3159,12
3160,8
3161,8
3162,5
3162,8
3163,8
3164,8
3165,1
3165,8
3166,2
3167,8
3168,2
3168,8
3169,8
3170,18
3171,8
3172,2
3173,8
3174,5
3174,8
3175,2
3175,5
3175,15
3176,8
3176,13
3176,16
3177,5
3178,8
3179,8
3180,5
3180,8
3181,8
3182,7
3183,8
3184,1
3184,5
3184,6
3184,8
3185,8
3186,8
3187,8
3188,7
3189,5
3190,2
3190,15
3191,8
3192,8
3193,7
3194,8
3195,8
3196,8
3196,17
3197,1
3198,8
3199,5
3199,12
3199,14
3200,5
3200,8
3201,8
3202,8
3203,16
3204,16
3205,11
3206,14
3207,2
3208,1
3208,5
3209,8
3210,5
3211,8
3212,8
3213,3
3213,4
3214,8
3215,8
3216,11
3217,8
3218,8
3219,16
3220,8
3221,8
3222,8
3223,8
3224,8
3225,5
3225,14
3226,7
3227,5
3227,8
3227,16
3228,5
3229,6
3229,8
3230,16
3231,5
3232,5
3233,5
3234,5
3235,5
3236,18
3237,7
3238,16
3239,5
3240,5
3241,5
3242,5
3243,5
3244,5
3244,14
3245,8
3246,8
3247,5
3247,6
3248,5
3249,16
3250,8
3251,8
3251,13
3252,8
3253,5
3254,5
3255,5
3255,8
3256,1
3256,16
3257,1
3257,8
3257,14
3257,16
3258,5
3259,8
3259,14
3260,8
3261,5
3261,8
3261,14
3262,8
3262,13
3263,5
3264,5
3264,11
3265,1
3265,6
3266,1
3266,5
3266,6
3266,8
3267,1
3267,16
3268,1
3268,5
3269,2
3269,14
3269,15
3270,8
3271,8
3272,6
3272,8
3273,11
3273,13
3273,16
3274,1
3275,1
3275,5
3276,5
3277,8
3278,7
3279,1
3279,2
3280,11
3281,7
3282,5
3283,1
3284,5
3284,14
3285,2
3285,8
3286,5
3287,3
3287,4
3288,8
3289,8
3290,5
3291,16
3292,10
3293,8
3293,15
3294,11
3295,8
3296,8
3297,7
3298,8
3299,5
3299,8
3300,1
3300,15
3301,5
3301,6
3302,5
3303,7
3304,6
3304,8
3305,10
3305,11
3306,5
3307,5
3307,8
3307,14
3308,5
3308,8
3309,5
3310,1
3311,18
3312,8
3313,5
3314,1
3314,8
3315,12
3316,1
3316,16
3317,8
3318,16
3319,8
3320,5
3320,14
3321,5
3322,5
3323,5
3323,6
3324,5
3325,5
3325,8
3326,5
3326,15
3327,7
3328,6
3328,8
3329,8
3330,8
3331,8
3332,2
3332,4
3333,8
3334,6
3334,8
3334,10
3334,16
3335,6
3335,8
3336,8
3337,5
3337,8
3338,7
3339,17
3340,11
3340,15
3341,5
3342,8
3342,17
3343,5
3343,8
3343,14
3344,11
3345,2
3345,4
3346,11
3347,8
3348,6
3348,16
3349,5
3350,8
3351,11
3352,8
3353,5
3353,14
3354,15
3355,16
3356,7
3357,8
3357,14
3358,5
3358,14
3359,8
3360,8
3361,5
3362,5
3362,6
3362,8
3363,5
3363,8
3364,6
3364,10
3365,18
3366,1
3366,2
3366,17
3367,17
3368,14
3368,18
3369,6
3370,8
3370,16
3371,8
3372,1
3372,17
3373,18
3374,8
3375,15
3376,14
3377,8
3377,17
3378,8
3379,8
3380,10
3381,5
3381,8
3382,8
3383,8
3383,12
3384,1
3385,5
3386,8
3386,13
3387,5
3388,5
3389,1
3389,2
3390,2
3391,5
3392,5
3393,5
3393,9
3394,5
3394,14
3395,5
3396,4
3396,5
3397,4
3397,5
3398,4
3398,5
3399,4
3399,5
3400,3
3400,4
3401,2
3401,15
3402,8
3403,8
3403,16
3404,1
3404,8
3405,1
3405,8
3406,1
3406,2
3406,17
3407,5
3407,8
3408,8
3409,11
3410,5
3410,8
3411,8
3412,2
3413,6
3413,8
3414,14
3415,8
3416,8
3417,2
3417,5
3417,15
3418,1
3418,8
3419,5
3419,6
3420,8
3420,16
3421,5
3422,5
3422,14
3423,8
3424,5
3424,8
3425,8
3426,8
3426,14
3427,6
3428,8
3429,3
3429,5
3430,1
3430,8
3431,1
3431,8
3432,1
3432,8
3433,1
3433,8
3434,1
3434,8
3435,6
3435,10
3436,8
3436,14
3437,8
3438,1
3438,4
3438,9
3439,1
3439,4
3439,9
3440,1
3440,4
3440,9
3441,1
3441,17
3442,1
3443,1
3443,8
3443,16
3444,1
3445,13
3445,16
3446,5
3447,8
3448,5
3448,8
3448,17
3449,8
3450,5
3451,5
3451,8
3452,1
3452,14
3453,8
3453,14
3454,5
3454,14
3455,8
3455,16
3456,8
3457,8
3458,8
3458,14
3459,8
3459,11
3460,5
3461,2
3461,8
3461,16
3462,5
3463,5
3464,15
3464,16
3465,8
3466,5
3466,9
3467,8
3467,18
3468,8
3469,8
3470,2
3470,8
3471,8
3471,15
3472,11
3473,5
3474,15
3474,16
3475,8
3475,14
3476,11
3476,13
3476,16
3477,5
3477,8
3478,8
3479,2
3479,9
3479,14
3480,8
3481,5
3482,8
3483,3
3483,4
3484,16
3485,11
3486,15
3487,18
3488,11
3488,15
3489,2
3489,9
3490,11
3491,5
3492,2
3493,11
3494,2
3494,18
3495,5
3495,8
3496,8
3497,5
3498,8
3499,11
3500,5
3500,8
3501,5
3501,14
3502,8
3503,8
3503,15
3504,5
3504,8
3505,16
3506,5
3506,8
3507,5
3508,18
3509,8
3510,8
3510,16
3511,5
3512,8
3512,14
3513,8
3513,16
3514,8
3515,5
3516,5
3516,14
3517,6
3517,8
3518,8
3518,16
3519,1
3519,17
3520,5
3521,5
3521,6
3521,8
3522,8
3523,1
3523,16
3524,5
3524,14
3525,5
3526,5
3526,8
3527,1
3527,15
3527,16
3528,8
3528,14
3529,6
3529,16
3530,5
3531,5
3531,8
3531,14
3532,5
3533,8
3534,5
3535,5
3535,11
3535,16
3536,5
3536,14
3537,5
3537,8
3538,5
3539,7
3540,14
3540,16
3541,1
3542,8
3543,5
3543,8
3544,5
3545,12
3545,17
3546,8
3546,16
3547,8
3548,5
3548,8
3549,12
3550,11
3551,16
3552,5
3553,8
3553,16
3554,8
3554,14
3555,1
3555,16
3556,5
3556,8
3557,16
3558,8
3559,8
3560,8
3561,8
3562,5
3562,8
3563,1
3563,11
3564,4
3564,5
3565,5
3565,8
3566,5
3566,8
3567,5
3568,8
3569,5
3569,8
3570,8
3571,8
3572,11
3572,15
3573,11
3573,15
3574,11
3574,15
3575,8
3576,1
3576,11
3576,15
3577,8
3578,1
3578,8
3579,8
3580,8
3581,8
3582,8
3583,8
3584,1
3584,8
3584,14
3584,16
3585,2
3585,17
3586,8
3587,11
3588,6
3588,8
3589,11
3590,5
3591,5
3591,8
3592,3
3592,15
3593,1
3593,15
3594,8
3595,5
3596,5
3597,5
3598,8
3599,5
3599,12
3600,5
3600,12
3601,5
3601,18
3602,12
3603,5
3604,12
3605,8
3605,12
3606,12
3607,5
3607,8
3607,18
3608,5
3609,7
3610,12
3611,3
3611,4
3611,5
3612,2
3612,12
3612,14
3613,5
3614,5
3614,14
3615,3
3615,4
3616,5
3616,14
3617,5
3618,5
3619,5
3620,5
3620,8
3621,8
3621,11
3622,5
3623,1
3623,16
3624,1
3625,7
3626,5
3627,11
3627,16
3628,1
3628,8
3628,17
3629,5
3630,11
3631,5
3632,5
3633,1
3634,16
3635,1
3636,8
3637,8
3638,1
3638,14
3638,15
3639,1
3640,5
3640,8
3641,8
3642,18
3643,1
3643,8
3643,17
3644,18
3645,8
3646,5
3647,8
3648,11
3648,15
3649,8
3650,11
3651,11
3652,11
3653,7
3654,1
3654,8
3654,17
3655,8
3656,6
3657,8
3658,15
3659,15
3659,16
3660,11
3660,15
3660,16
3661,11
3661,15
3661,16
3662,11
3662,15
3662,16
3663,11
3663,15
3663,16
3664,11
3664,15
3664,16
3665,11
3665,15
3665,16
3666,11
3666,15
3666,16
3667,1
3667,5
3668,8
3668,14
3669,5
3670,17
3671,5
3671,18
3672,2
3672,4
3673,2
3673,4
3674,2
3674,4
3675,12
3676,8
3676,11
3677,7
3678,8
3679,7
3680,7
3681,18
3682,18
3683,8
3683,10
3684,8
3684,14
3685,5
3685,8
3685,14
3686,16
3687,15
3688,5
3689,5
3690,5
3691,5
3692,5
3692,11
3693,5
3693,11
3694,5
3694,11
3695,5
3695,11
3696,5
3696,11
3696,15
3697,1
3697,15
3697,16
3698,1
3698,2
3698,15
3699,2
3699,8
3699,14
3699,15
3700,8
3700,15
3701,6
3701,8
3701,15
3702,1
3702,15
3703,1
3703,15
3704,1
3704,15
3705,1
3705,2
3705,14
3705,16
3706,10
3706,13
3706,16
3707,8
3708,11
3708,16
3709,11
3710,1
3710,5
3711,8
3712,5
3713,8
3714,8
3715,5
3716,1
3716,6
3717,1
3717,6
3718,7
3719,5
3719,14
3720,8
3721,5
3722,5
3723,8
3724,8
3724,17
3725,3
3725,12
3726,1
3726,16
3727,5
3727,11
3728,16
3729,1
3729,6
3730,8
3730,13
3731,8
3731,16
3732,11
3733,8
3734,8
3735,6
3735,8
3736,8
3737,8
3737,18
3738,8
3739,5
3739,14
3740,1
3740,5
3741,6
3741,8
3742,8
3742,17
3743,5
3743,14
3744,1
3744,6
3745,2
3745,3
3745,15
3746,8
3746,17
3747,8
3748,5
3748,14
3749,8
3750,8
3751,3
3751,4
3751,5
3752,5
3753,1
3753,8
3753,17
3754,3
3754,4
3754,5
3755,1
3755,2
3755,16
3756,8
3757,11
3758,8
3758,15
3758,16
3759,3
3759,4
3759,12
3760,5
3761,6
3761,8
3762,11
3763,1
3763,6
3763,16
3764,1
3764,6
3764,16
3765,8
3765,14
3766,1
3766,17
3767,1
3767,17
3768,1
3768,17
3769,1
3770,2
3770,6
3770,15
3770,16
3771,1
3771,2
3772,11
3773,5
3774,5
3775,3
3775,4
3775,12
3776,3
3776,4
3776,12
3777,5
3777,11
3778,5
3778,8
3779,15
3780,15
3781,1
3781,6
3782,1
3782,6
3783,6
3783,8
3784,5
3785,5
3785,11
3786,5
3787,5
3788,8
3788,13
3789,8
3790,8
3791,8
3792,18
3793,1
3793,15
3794,5
3794,8
3795,8
3796,14
3796,16
3797,16
3798,16
3799,3
3799,4
3800,8
3800,14
3801,8
3801,13
3802,1
3802,15
3803,8
3804,5
3805,1
3805,2
3805,8
3806,18
3807,1
3807,2
3808,8
3808,17
3809,5
3810,8
3810,16
3811,8
3811,17
3812,5
3813,8
3814,5
3816,8
3817,5
3817,8
3818,5
3818,12
3819,5
3820,4
3821,5
3822,8
3822,14
3823,8
3824,8
3824,14
3825,8
3826,11
3826,15
3826,16
3827,1
3827,15
3828,5
3829,5
3829,14
3830,5
3830,11
3830,16
3831,5
3832,11
3833,11
3833,15
3834,2
3834,8
3834,14
3835,16
3836,1
3836,5
3836,17
3837,11
3838,11
3839,11
3840,11
3841,1
3841,5
3842,11
3843,11
3844,8
3845,8
3846,5
3847,11
3848,8
3848,16
3849,16
3850,6
3850,16
3851,5
3852,5
3853,8
3854,8
3854,14
3855,8
3855,14
3856,8
3857,16
3858,5
3859,7
3860,6
3861,5
3862,5
3863,15
3863,16
3864,1
3864,2
3864,15
3865,5
3865,7
3866,5
3867,8
3868,5
3869,5
3870,8
3871,8
3871,18
3872,8
3873,5
3873,18
3874,5
3874,14
3875,11
3876,8
3877,1
3877,2
3877,9
3878,15
3879,1
3880,7
3881,7
3882,5
3883,5
3883,8
3884,5
3885,5
3885,14
3886,8
3887,8
3888,8
3888,14
3889,1
3889,2
3889,9
3890,7
3891,6
3891,8
3892,11
3893,5
3893,16
3894,8
3895,6
3895,16
3896,6
3896,16
3897,5
3897,8
3898,1
3898,5
3899,5
3900,5
3900,8
3901,5
3901,8
3902,8
3903,8
3904,8
3905,5
3906,6
3907,8
3908,11
3909,5
3909,14
3910,8
3910,12
3911,5
3912,5
3912,8
3913,7
3914,8
3915,8
3916,8
3917,11
3918,11
3919,11
3920,8
3920,9
3921,5
3922,5
3923,11
3923,15
3924,5
3925,5
3926,2
3926,15
3927,2
3927,15
3928,5
3928,11
3929,5
3930,11
3931,11
3931,15
3932,11
3932,15
3933,11
3933,15
3934,15
3935,11
3936,8
3936,16
3937,15
3937,16
3938,11
3939,11
3940,11
3941,11
3942,11
3943,5
3944,5
3944,8
3945,2
3945,3
3945,4
3946,1
3946,8
3946,16
3947,16
3948,5
3949,8
3950,8
3951,8
3952,8
3952,16
